<?xml version="1.0" encoding="utf-8"?>
<extension
	type="module"
	version="1.6.0"
	client="site"
	method="upgrade">
	<name>Simple File Upload v1.2 (J1.6)</name>
	<author>Anders Wasen</author>
	<creationDate>May 2010</creationDate>
	<copyright>Copyright (C) 2010 Anders Wasén. All rights reserved.</copyright>
	<license>http://www.gnu.org/licenses/gpl-2.0.html GNU/GPL</license>
	<authorEmail>awasen@gmail.com</authorEmail>
	<authorUrl>wasen.net</authorUrl>
	<version>1.2</version>
	<description>A simple upload module. Will allow a user to upload a file to the given folder fetched from the parameter settings.</description>
	<files>
		<filename module="mod_simplefileuploadv1.2">mod_simplefileuploadv1.2.php</filename>
		<filename>index.html</filename>
		<filename>helper.php</filename>
		<filename>mod_simplefileupload.css</filename>
		<filename>tmpl/index.html</filename>
		<filename>tmpl/default.php</filename>
		<filename>tmpl/arial.ttf</filename>
		<filename>tmpl/sfuieimgfix.php</filename>
		<filename>tmpl/sfuajax.php</filename>
		<filename>tmpl/md5-min.js</filename>
		<filename>images/button_select.gif</filename>
		<filename>images/button_refresh.gif</filename>
		<filename>images/infobox_bg.gif</filename>
		<filename>images/bigrotation2.gif</filename>
		<filename>images/index.html</filename>
		<filename>elements/donate.php</filename>
		<filename>elements/donate.html</filename>
		<filename>elements/settings.php</filename>
		<filename>elements/mysettings.php</filename>
		<filename>elements/index.html</filename>
		<filename>tmpl/fancybox/blank.gif</filename>
		<filename>tmpl/fancybox/fancy_close.png</filename>
		<filename>tmpl/fancybox/fancy_loading.png</filename>
		<filename>tmpl/fancybox/fancy_nav_left.png</filename>
		<filename>tmpl/fancybox/fancy_nav_right.png</filename>
		<filename>tmpl/fancybox/fancy_shadow_e.png</filename>
		<filename>tmpl/fancybox/fancy_shadow_n.png</filename>
		<filename>tmpl/fancybox/fancy_shadow_ne.png</filename>
		<filename>tmpl/fancybox/fancy_shadow_nw.png</filename>
		<filename>tmpl/fancybox/fancy_shadow_s.png</filename>
		<filename>tmpl/fancybox/fancy_shadow_se.png</filename>
		<filename>tmpl/fancybox/fancy_shadow_sw.png</filename>
		<filename>tmpl/fancybox/fancy_shadow_w.png</filename>
		<filename>tmpl/fancybox/fancy_title_left.png</filename>
		<filename>tmpl/fancybox/fancy_title_main.png</filename>
		<filename>tmpl/fancybox/fancy_title_over.png</filename>
		<filename>tmpl/fancybox/fancy_title_right.png</filename>
		<filename>tmpl/fancybox/fancybox.png</filename>
		<filename>tmpl/fancybox/fancybox-x.png</filename>
		<filename>tmpl/fancybox/fancybox-y.png</filename>
		<filename>tmpl/fancybox/jquery-1.4.2.min.js</filename>
		<filename>tmpl/fancybox/jquery.easing-1.3.pack.js</filename>
		<filename>tmpl/fancybox/jquery.fancybox-1.3.1.css</filename>
		<filename>tmpl/fancybox/jquery.fancybox-1.3.1.js</filename>
		<filename>tmpl/fancybox/jquery.fancybox-1.3.1.pack.js</filename>
		<filename>tmpl/fancybox/jquery.mousewheel-3.0.2.pack.js</filename>
		<filename>tmpl/fancybox/index.html</filename>
	</files>
	<languages>
		<language tag="en-GB">language/en-GB/en-GB.mod_simplefileuploadv1.2.ini</language>
		<language tag="fr-FR">language/fr-FR/fr-FR.mod_simplefileuploadv1.2.ini</language>
		<language tag="sv-SV">language/sv-SV/sv-SV.mod_simplefileuploadv1.2.ini</language>
		<language tag="de-DE">language/de-DE/de-DE.mod_simplefileuploadv1.2.ini</language>
		<language tag="it-IT">language/it-IT/it-IT.mod_simplefileuploadv1.2.ini</language>
		<language tag="lt-LT">language/lt-LT/lt-LT.mod_simplefileuploadv1.2.ini</language>
		<language tag="es-ES">language/es-ES/es-ES.mod_simplefileuploadv1.2.ini</language>
	</languages>
	<config>
		<fields name="params">
			<fieldset name="basic">
				<field name="upload_location" type="text" default="./images/" label="Default Upload Location" description="This is the directory where uploaded files are placed if there are no user directories given below (NB! Server path, not web URL)"/>
				<field name="upload_maxsize" type="text" default="100000" label="Max. Upload Size (bytes)" description="This is the maximum allowed upload file size in bytes"/>
				<field name="upload_capthca" type="radio" default="0" label="Use Captcha" description="Force the user to add a Captcha code to be able to upload.">
					<option value="0">No</option>
					<option value="1">Yes</option>
				</field>
				<field name="upload_capthcacase" type="radio" default="0" label="CaSe-iNsEnSiTiVe Captcha" description="Ignore case for Captcha code.">
					<option value="0">No</option>
					<option value="1">Yes</option>
				</field>
				<field name="upload_capthcacasemsg" type="radio" default="0" label="Show message for CaSe-iNsEnSiTiVe Captcha" description="Show a small text that Captcha code is CaSe-insensitive (Only when CaSe-iNsEnSiTiVe Captcha is used).">
					<option value="0">No</option>
					<option value="1">Yes</option>
				</field>
				<field name="upload_email" type="text" default="" label="Send e-mail at upload" description="If you want an e-mail confirmation sent out when there is a new upload enter the e-mail address here (use comma between addresses to add more than one). Leave it blank to not send e-mail."/>
				<field name="upload_emailmsg" type="radio" default="0" label="Show 'message sent' to user" description="Write 'message sent' on pop-up so user knows Admin has been notified.">
					<option value="0">No</option>
					<option value="1">Yes</option>
				</field>
				<field name="upload_emailhtml" type="radio" default="1" label="Use HTML formated e-mail" description="Send e-mail in HTML format, else plain-text is used.">
					<option value="0">No</option>
					<option value="1">Yes</option>
				</field>
				<field name="@spacer" type="spacer" default="" label="" description=""/>
				<field name="upload_fileexist" type="radio" default="2" label="If file exist" description="Operation to take incase the uploaded file already exists. Backup - Copies to old file with a new name (adds date); Replace - Removes the existing file; Fail - Notify user the upload failed due to existing file.">
					<option value="2">Backup</option>
					<option value="1">Replace</option>
					<option value="0">Fail</option>
				</field>
				<field name="upload_multi" type="radio" default="0" label="Allow multiple upload" description="Allow user to add files dymamically and upload at the same time.">
					<option value="0">No</option>
					<option value="1">Yes</option>
				</field>
				<field name="upload_maxmulti" type="text" default="" label="Max. for multiple uploads" description="This is the maximum allowed number of files to upload at one time. Leave blank for unlimited."/>
				<field name="@spacer" type="spacer" default="" label="" description=""/>
				<field name="upload_filetypes" type="text" default="image/gif;image/jpeg;image/pjpeg;image/png" label="Allowed filetypes (separate by semi-colon). Asterisk (*) allows any type." description="This is a list of allowed filetypes (separated by semi-colon). Put a [*] (asterisk) to allow any type."/>
				<field name="@spacer" type="spacer" default="" label="" description=""/>
				<field name="upload_donate" type="donate" default="" label="Do you like it?" description="Feel like showing your appreciation?" addfieldpath="/modules/mod_simplefileuploadv1.2/elements"/>
				<!--field name="upload_donate" type="donate" default="" label="Do you like it?" description="Feel like showing your appreciation?"/-->
			</fieldset>
			<fieldset name="advanced">
				<field name="settingids" type="settings" default="" label="Allowed users" description="This is a list of users allowed to upload files."/>
				<field name="@spacer" type="spacer" default="" label="" description=""/>
				<field name="upload_usernameddir" type="radio" default="0" label="Use User Named Directories" description="Will use sub-directory for selected users named as username">
					<option value="0">No</option>
					<option value="1">Yes</option>
				</field>
				<field name="upload_usernameddirdefault" type="radio" default="0" label="ONLY show user named directory" description="Will omit the default directory from directory list. Directory list will only be shown if User Defined Directory is also used">
					<option value="0">No</option>
					<option value="1">Yes</option>
				</field>
				<field name="upload_userlocation" type="text" default="./users/" label="User named directories root path" description="This is the directory where uploaded files for user specific files are placed (NB! Server path, not web URL)"/>
				<field name="settingidsund" type="settings" default="" label="User named directories for these users" description="This is a list of users who will have user named directories."/>
				<field name="@spacer" type="spacer" default="" label="" description=""/>
				<field name="upload_createdir" type="radio" default="0" label="Allow Create Directory (if missing)" description="Will allow SFU to create User directories, else the directories must be manually created">
					<option value="0">No</option>
					<option value="1">Yes</option>
				</field>
				<field name="settingidsudd" type="settings" default="" label="Userdefined directories for these users" description="This is a list of users who will have user defined directories."/>
				<field name="@spacer" type="spacer" default="" label="" description=""/>
				<field name="upload_unzip" type="radio" default="0" label="Allow unzip/untar on server" description="Use unzip/untar for archives (going to Upload Location above).">
					<option value="0">No</option>
					<option value="1">Yes</option>
				</field>
				<field name="upload_showerrmsg" type="radio" default="1" label="Show error message" description="Show a detailed error message to the user.">
					<option value="0">No</option>
					<option value="1">Yes</option>
				</field>
				<field name="@spacer" type="spacer" default="" label="" description=""/>
				<field name="upload_redirect" type="text" default="" label="Redirect URL" description="A URL for redirect of browser after upload. Can not be used with pop-up or advanced pop-up."/>
				<field name="upload_advancedpopup" type="radio" default="0" label="Show advanced pop-up" description="Shows an advanced pop-up with more detailed information.">
					<option value="0">No</option>
					<option value="1">Yes</option>
				</field>
				<field name="upload_showdircontent" type="radio" default="0" label="Show files in upload directory in advanced pop-up" description="Shows a list of files in advanced pop-up.">
					<option value="0">No</option>
					<option value="1">Yes</option>
				</field>
				<field name="@spacer" type="spacer" default="" label="" description=""/>
				<field name="upload_username" type="text" default="" label="Username for validation" description="You can set a username (not Joomla user) that must match this for a user to be allowed to upload files."/>
				<field name="upload_password" type="text" default="" label="Password" description="This is the password to go wih the above user."/>
			</fieldset>
			<fieldset name="other" label="Other Settings">
				<field name="upload_stdbrowse" type="radio" default="0" label="Standard Browse button" description="Use the standard Browse button and not image">
					<option value="0">No</option>
					<option value="1">Yes</option>
				</field>
				<field name="upload_filewidth" type="text" default="12" label="File textbox width (chars)" description="The width in number of characters of the file text-box (only for the standard browse button)."/>
				<field name="@spacer" type="spacer" default="" label="" description=""/>
				<field name="upload_capthcaheight" type="text" default="40" label="Captcha image height" description="The height of the Captcha image."/>
				<field name="upload_capthcawidth" type="text" default="120" label="Captcha image width" description="The width of the Captcha image."/>
				<field name="upload_capthcabg" type="text" default="120-192" label="Captcha Background colors (RGB 0-255)" description="You can set the background color for the CAPTCHA image. Start value and end value must be set, values allowed are 0-255 where 0 is black and 255 is white. Color is then randomized using start-end values."/>
				<field name="@spacer" type="spacer" default="" label="Pop-up settings" description=""/>
				<field name="upload_bgcolor" type="text" default="#e8edf1" label="Pop-up background color" description="The background color of the information pop-up"/>
				<field name="upload_popshowpath" type="radio" default="1" label="Show filename/path" description="Show the filename and path of uploaded file.">
					<option value="0">No</option>
					<option value="1">Yes</option>
				</field>
				<field name="upload_popcaptchamsg" type="radio" default="1" label="Show faulty Captcha pop-up" description="Show the message about faulty Captcha in the pop-up,not in the Module window.">
					<option value="0">No</option>
					<option value="1">Yes</option>
				</field>
				<field name="upload_popshowbytes" type="radio" default="0" label="Show file-size in bytes" description="Show the file-size in bytes.">
					<option value="0">No</option>
					<option value="1">Yes</option>
				</field>
				<field name="@spacer" type="spacer" default="" label="" description=""/>
				<field name="moduleclass_sfx" type="text" default="" label="Module Class Suffix" description="Module Class Suffix"/>
			</fieldset>
		</fields>
	</config>
</extension>